Designator,Footprint,Quantity,Value,LCSC Part #
C1,0603,1,0.1uF,C14663
C10,0603,1,0.1uF,C14663
C11,0603,1,1uF,C1689
C12,0603,1,27pF,C107045
C13,0603,1,27pF,C107045
C14,0603,1,1uF,C1689
C15,0603,1,1uF,C1689
C16,0603,1,1uF,C1689
C2,0603,1,0.1uF,C14663
C3,0603,1,0.1uF,C14663
C4,0603,1,0.1uF,C14663
C5,0603,1,0.1uF,C14663
C6,0603,1,0.1uF,C14663
C7,0603,1,1uF,C1689
C8,0603,1,0.1uF,C14663
C9,0603,1,0.1uF,C14663
D1,LED_D3.0mm,1,WP914IDT,
"D10, D11, D3, D4, D5, D6, D7, D8, D9",D_DO-35_SOD27_P7.62mm_Horizontal,9,1N4148,
D2,D_DO-41_SOD81_P10.16mm_Horizontal,1,1N5817,
J1,USB_C_Receptacle_HRO_TYPE-C-31-M-12,1,USB_C_Receptacle_USB2.0,C165948
J2,PinHeader_1x04_P2.54mm_Vertical,1,Conn_01x04,609-3275-ND
J3,PinHeader_1x05_P2.54mm_Vertical,1,Conn_01x05,609-3275-ND
R1,0603,1,1k,C22548
R10,0603,1,10K,C99198
R2,0603,1,5.1k,C25905
R3,0603,1,5.1k,C25905
R4,0603,1,10K,C99198
R5,0603,1,10K,C99198
R6,0603,1,1K,C22548
R7,0603,1,27,C137753
R8,0603,1,27,C137753
R9,0603,1,1K,C22548
"SW1, SW2, SW3, SW4, SW5, SW6, SW7, SW8, SW9",SW_Cherry_MX_1.00u_PCB,9,KEYSW,
"SW10, SW11",SW_PUSH_6mm,2,SW_Push,
U1,QFN-56-1EP_7x7mm_P0.4mm_EP3.2x3.2mm_ThermalVias,1,RP2040,C2040
U2,SOT-23-5,1,AP2112K-3.3,C51118
U3,SOIC-8_5.23x5.23mm_P1.27mm,1,W25Q32JVSS,C82317
Y1,Crystal_HC49-4H_Vertical,1,12MHz,
